Funcionarios_ID,Nome,Data Contratacao,Telefone,Email Profissional,Cargo_ID,Salario_ID
1,Alexandre,2020-01-24,9190704194,alexandre@easyroad.com.br,1,1
2,Ruan,2020-01-24,9912417174,ruan@easyroad.com.br,2,2
3,Emilly,2020-01-28,9165081312,emilly@easyroad.com.br,3,3
4,Vinicius,2020-02-05,9128057873,vinicius@easyroad.com.br,4,4
5,Roark,2020-03-19,9194872048,roark@easyroad.com.br,5,5
6,Bunny,2020-03-26,9121050044,bunny@easyroad.com.br,6,6
7,Merry,2020-03-23,9903957095,merry@easyroad.com.br,7,7
8,Lin,2020-03-24,9106008200,lin@easyroad.com.br,8,8
9,Broady,2020-04-01,9153474796,broady@easyroad.com.br,9,9
10,Ternesha,2020-04-03,9166129688,ternesha@easyroad.com.br,10,10
11,Laveen,2020-03-24,9121029006,laveen@easyroad.com.br,11,11
12,Harlee,2020-03-27,9127523149,harlee@easyroad.com.br,12,12
13,Nthan,2020-03-27,9125002358,nthan@easyroad.com.br,13,13
14,Brandi,2020-03-25,9132078266,brandi@easyroad.com.br,14,14
15,Valentina,2020-03-25,9912417579,valentina@easyroad.com.br,15,15
16,Shyanna,2020-03-25,9904491362,shyanna@easyroad.com.br,16,16
17,Ema,2020-03-30,9129054270,ema@easyroad.com.br,17,17
18,Lucian,2020-03-26,9128090140,lucian@easyroad.com.br,18,18
19,Delna,2020-03-26,9192145928,delna@easyroad.com.br,19,19
20,Mackie,2020-03-30,9915366670,mackie@easyroad.com.br,20,20
21,Emarie,2020-03-26,9915300870,emarie@easyroad.com.br,21,21
22,Brently,2020-01-03,9912102692,brently@easyroad.com.br,22,22
23,Charlotte,2020-04-04,9129096409,charlotte@easyroad.com.br,5,5
24,Nakina,2020-03-26,9127293012,nakina@easyroad.com.br,5,5
25,Romilda,2020-03-24,9146800068,romilda@easyroad.com.br,5,5
26,Kelis,2020-03-24,9932020465,kelis@easyroad.com.br,5,5
27,Lanier,2020-03-25,9193784946,lanier@easyroad.com.br,5,5
28,Maryann,2020-03-28,9912896775,maryann@easyroad.com.br,6,6
29,Veronika,2020-03-29,9109067675,veronika@easyroad.com.br,7,7
30,Merdis,2020-03-25,9173783403,merdis@easyroad.com.br,8,8